id_old,id_new,slug
2437,1,ayn-hawd
2438,2,al-mazar-haifa
2439,3,jaba-haifa
2440,4,ijzim
2441,5,ayn-ghazal
2442,6,kafr-lam
2443,7,al-sarafand
2444,8,al-tantura
2445,9,furreidis
2446,10,meir-shefeya
2447,11,khirbat-al-damun
2448,12,isfiya
2449,13,daliyat-al-karmil
2450,14,khirbat-al-mansura
2451,15,al-jalama-haifa
2452,16,kefar-hasidim-alef
2453,17,yajur
2454,18,bet-shearim
2456,20,kefar-yehoshua
2457,21,ramat-yishay-jeida
2458,22,sede-yaaqov
2459,23,shaar-haamaqim
2460,24,allonim
2461,25,nahalal
2462,26,ramat-david
2463,27,al-sheikh-bureik
2464,28,abu-sinan
2465,29,acre
2466,30,amqa-acre
2467,31,arab-al-samniyya
2468,32,arraba-acre
2469,33,al-bassa
2470,34,bayt-jann
2471,35,bina
2472,36,al-birwa
2473,37,buqeia
2474,38,al-damun
2475,39,dayr-al-asad
2476,40,dayr-hanna
2477,41,dayr-al-qasi
2478,42,al-ghabisiyya
2479,43,hanita
2480,44,iqrit
2481,45,al-jadeida
2482,46,jatt-acre
2483,47,khirbat-jiddin
2484,48,julis-acre
2485,49,kabul
2486,50,kafr-inan
2487,51,kafr-sumei
2488,52,kafr-yasif
2490,54,kisra-sumei
2491,55,kuwaykat
2492,56,majd-al-kurum
2493,57,makr
2494,58,al-manshiyya-acre
2495,59,al-mazraa
2496,60,miar
2497,61,miilya
2498,62,nahf
2499,63,al-nahr
2500,64,nahariyya
2501,65,al-rama-acre
2502,66,al-ruways
2503,67,sajur
2505,69,shaab
2506,70,suhmata
2507,71,al-sumayriyya
2508,72,tamra-acre
2509,73,tarbikha
2510,74,tarshiha
2511,75,umm-al-faraj
2512,76,yanuh
2513,77,yirka
2514,78,al-zeeb
2519,83,abu-al-fadl
2520,84,abu-shusha-ramle
2521,85,aqir
2522,86,barfiliya
2523,87,barriyya
2524,88,bashshit
2525,89,beer-yaaqov
2526,90,bet-hanan
2527,91,khirbat-bayt-far
2528,92,bayt-jiz
2529,93,bayt-nabala
2530,94,bayt-nuba
2531,95,bet-oved
2532,96,bayt-shanna
2533,97,bayt-susin
2534,98,ben-shemen-knoar
2535,99,bilin-ramle
2536,100,bir-main
2537,101,bir-salim
2538,102,burdus
2539,103,al-burj-ramle
2540,104,khirbat-buwayra
2541,105,daniyal
2542,106,dayr-abu-salama
2543,107,dayr-ayyub
2544,108,dayr-muhaysin
2545,109,dayr-qadis
2546,110,dayr-tarif
2547,111,al-duhriyya
2548,112,gan-shelomo
2549,113,gedera
2550,114,givat-brenner
2551,115,al-haditha
2552,116,idnibba
2553,117,imwas
2554,118,innaba
2555,119,jilya
2556,120,jimzu
2557,121,jindas
2559,123,kefar-bilu
2561,125,kefar-menahem
2562,126,kefar-sirkin
2563,127,kefar-uriyya
2564,128,khirbat-al-qubeiba
2565,129,al-khalayil
2566,130,kharbata
2567,131,kharruba
2568,132,al-khayma
2569,133,khirbat-mismar
2570,134,khulda
2571,135,hulda
2572,136,al-kunayyisa
2573,137,al-latrun
2574,138,al-lubban
2575,139,lydda
2576,140,al-maghar
2577,141,majdal-yaba
2578,142,al-mansura-ramle
2579,143,mazkeret-batya
2580,144,midya
2581,145,al-mukhayzin
2582,146,muzayria
2583,147,al-naani
2584,148,al-nabi-rubin-ramle
2586,150,nilin
2587,151,qatra
2588,152,qazaza
2589,153,qibya
2590,154,al-qubab
2591,155,al-qubayba-ramle
2592,156,qula
2593,157,ramle
2594,158,rantis
2595,159,rehovot
2596,160,rishon-leziyyon
2597,161,sajad
2598,162,salbit
2599,163,sarafand-amar
2600,164,sarafand-al-kharab
2601,165,saydun
2602,166,shabtin
2603,167,shahma
2604,168,shilta
2605,169,shuqba
2606,170,al-tina
2607,171,al-tira-ramle
2609,173,umm-kalkha
2610,174,wadi-haunayn
2611,175,nes-ziyyona
2612,176,yalu
2613,177,yibna
2614,178,khirbat-zakariyya
2615,179,zarnuqa
2617,181,arab-al-arida
2618,182,beisan
2619,183,arab-al-bawati
2620,184,arab-al-safa
2621,185,al-ashrafiyya
2623,187,bashatwi
2624,188,bet-alfa
2625,189,bet-hashitta
2626,190,al-bira-beisan
2627,191,danna
2628,192,en-harod-meuhad
2629,193,farwana
2630,194,al-fatur
2632,196,geva
2633,197,al-ghazzawiyya
2634,198,al-hamidiyya
2635,199,al-hamra-beisan
2636,200,hefzi-bah
2637,201,jabbul
2638,202,jisr-aql-majami
2639,203,kafr-misr
2640,204,kafra
2641,205,kawkab-al-hawa
2642,206,kefar-yehezqel
2643,207,al-khunayzir
2644,208,masil-al-jizl
2645,209,al-murassas
2646,210,qumya
2647,211,al-sakhina
2648,212,al-samiriyya
2649,213,sirin
2650,214,al-tayyiba-beisan
2651,215,tall-al-shawk
2652,216,tel-yosef
2653,217,al-tira-beisan
2654,218,tirat-zevi
2655,219,umm-ajra
2656,220,wadi-al-bira
2657,221,yubla
2658,222,zaba
2659,223,al-auja-beersheba
2660,224,beersheba
2662,226,gevulot
2663,227,al-jammama
2664,228,ruhama
2665,229,revivim
2666,230,ahywat-tribes
2667,231,azazima-tribes
2668,232,hanajira-tribes
2669,233,jubarat
2670,234,saidiyin-tribes
2671,235,abu-suhaiban
2672,236,tayaha-tribes
2673,237,dhullam
2674,238,huquq
2675,239,nutush
2676,240,gatatweh-tayaha
2677,241,qudeirat
2678,242,ramadan
2679,243,shallaliyin
2680,244,abasan-al-kabur
2681,245,al-mughraqa-abu-middein
2682,246,arab-suqrir-abu-suweirih
2683,247,bani-suheila
2684,248,barbara
2685,249,barqa
2686,250,al-batani-al-gharbi
2687,251,al-batani-al-sharqi
2688,252,beer-toviyya
2689,253,bayt-affa
2690,254,bayt-daras
2691,255,bayt-hannun
2692,256,bayt-jirja
2693,257,bayt-lahiya
2694,258,bayt-tima
2695,259,bilin-gaza
2696,260,burayr
2697,261,dayr-al-balah
2698,262,dayr-sunayd
2699,263,dimra
2700,264,al-faluja
2701,265,gan-yavne
2702,266,gaza
2703,267,hamama
2704,268,hatta
2705,269,hiribya
2706,270,huj
2707,271,hulayqat
2708,272,ibdis
2709,273,iraq-al-manshiyya
2710,274,iraq-suwaydan
2711,275,isdud
2712,276,jabaliya
2713,277,al-jaladiyya
2714,278,al-jiyya
2715,279,julis-gaza
2716,280,al-jura-gaza
2717,281,jusayr
2718,282,karatiyya
2719,283,kawfakha
2720,284,kawkaba
2721,285,kefar-warburg
2722,286,khirbat-khuzaa
2723,287,khan-yunis
2724,288,khirbat-khisas
2725,289,al-majdal-gaza
2726,290,al-masmiyya-al-kabira
2727,291,al-masmiyya-al-saghira-huraniya
2728,292,al-muharraqa
2729,293,najd
2730,294,nazla
2731,295,negba
2732,296,niilya
2733,297,nuseirat
2734,298,qastina
2735,299,rafah
2736,300,al-sawafir-al-gharbiyya
2737,301,al-sawafir-al-shamaliyya
2738,302,al-sawafir-al-sharqiyya
2739,303,simsim
2740,304,summil
2742,306,tall-al-turmus
2743,307,yasur-gaza
2745,309,abu-shusha-haifa
2746,310,abu-zurayq
2747,311,arab-al-fuqara
2748,312,arab-al-nufayat
2749,313,arara
2750,314,balad-al-shaykh
2751,315,bethlehem-galilee
2752,316,bat-shelomo
2753,317,binyamina-givat-ada
2754,318,burayka
2756,320,al-butaymat
2757,321,daliyat-al-rawhaa
2758,322,al-dumayri
2759,323,en-hashofet
2761,325,emeq-tsevulun
2762,326,al-ghubayya-al-tahta
2764,328,hadera
2765,329,haifa
2766,330,hazorea
2768,332,ibillin
2769,333,kabara
2770,334,kafr-qari
2771,335,al-kafrayn
2772,336,khirbat-jisr-al-zarqa
2776,340,kefar-hamakkabbi
2777,341,khubbayza
2778,342,khirbat-lid
2779,343,al-mansi
2780,344,yagur
2781,345,mishmar-haemeq
2782,346,nesher
2783,347,pardes-hanna-karkur
2784,348,qannir
2787,351,qisarya
2788,352,ramat-hashofet
2789,353,ramat-yohanan
2790,354,al-rihaniyya-haifa
2791,355,sabbarin
2792,356,shafa-amr
2793,357,al-sindiyana
2794,358,al-tira-haifa
2795,359,umm-al-shawf
2796,360,umm-al-zinat
2797,361,usha
2798,362,wadi-ara
2799,363,waldheim-umm-al-amad
2801,365,yoqneam-moshava
2802,366,zikhron-yaaqov
2803,367,ajjur
2804,368,arab-al-jahalin-hebron
2805,369,arab-al-kaabina
2806,370,bani-naim
2807,371,barqusya
2808,372,bayt-aula
2809,373,bayt-jibrin
2810,374,bayt-kahil
2811,375,bayt-nattif
2812,376,bayt-ummar
2813,377,al-dawayima
2814,378,dayr-al-dubban
2815,379,dayr-nakhkhas
2816,380,al-dahiriyya
2817,381,dura
2818,382,halhul
2819,383,hebron
2820,384,idna
2821,385,al-jaba
2822,386,khirbat-jamrura
2823,387,kharas
2824,388,kudna
2825,389,mughallis
2826,390,nuba
2827,391,al-qubayba-hebron
2828,392,rana
2829,393,al-rihiya
2830,394,saeer
2831,395,al-samu
2832,396,al-shuyukh
2833,397,surif
2834,398,taffuh
2835,399,tall-al-safi
2836,400,tarqumiya
2837,401,zikrin
2838,402,khirbat-umm-burj
2839,403,yatta
2840,404,zakariyya
2841,405,zayta-hebron
2842,406,al-yahudiya-al-abisiyya
2843,407,abu-kishk
2844,408,bat-yam
2845,409,bayt-dajan-jaffa
2846,410,bene-beraq
2847,411,biyar-adas
2848,412,fajja
2849,413,gat-rimmon
2850,414,givatayim
2851,415,givat-hen
2852,416,hadar-am
2853,417,al-haram
2854,418,herzliyya
2855,419,holon
2856,420,jaffa
2857,421,ijlil-al-qibliyya
2858,422,ijlil-al-shamaliyya
2859,423,al-jammasin-al-gharbi
2860,424,al-jammasin-al-sharqi
2861,425,jarisha
2862,426,kafr-ana
2864,428,kefar-malal
2865,429,kefar-sava
2866,430,al-khayriyya
2868,432,al-masudiyya
2869,433,miqwe-yisrael
2870,434,al-mirr
2871,435,al-muwaylih
2873,437,petah-tiqwa
2875,439,raanana
2877,441,ramat-hasharon
2878,442,ramat-gan
2879,443,rantiya
2880,444,rishpon
2881,445,al-safiriyya
2882,446,salama-jaffa
2883,447,saqiya
2884,448,sarona
2885,449,al-sawalima
2886,450,shefayim
2887,451,al-shaykh-muwannis
2888,452,tel-aviv
2890,454,wilhelma
2891,455,yarqona
2892,456,yazur
2894,458,abu-dis
2895,459,allar
2896,460,anata
2897,461,aqqur
2898,462,arab-al-taamira
2899,463,arab-ibn-ubeid-al-ubeidiya
2900,464,arab-al-rashayida
2901,465,artas
2902,466,artuf
2903,467,atarot-jerusalem
2904,468,al-auja-jerusalem
2905,469,ayn-karim
2906,470,battir
2907,471,bayt-duqqu
2908,472,bayt-fajjar
2909,473,bayt-hanina
2910,474,bayt-ijza
2911,475,bayt-iksa
2912,476,bayt-inan
2913,477,bayt-itab
2914,478,bayt-jala
2915,479,bayt-al-jimal
2916,480,bayt-mahsir
2917,481,bayt-naqquba
2918,482,bayt-safafa
2919,483,bayt-sahur
2920,484,bayt-suriq
2921,485,bayt-thul
2922,486,bayt-umm-al-mays
2923,487,al-eizariya-bethany
2924,488,bethlehem
2925,489,biddu
2926,490,bir-nabala
2927,491,al-burayj
2928,492,dayr-aban
2929,493,dayr-amr
2930,494,dayr-al-hawa
2931,495,bir-rafat
2932,496,dayr-al-shaykh
2933,497,dayr-yasin
2934,498,duyuk
2935,499,har-tuv
2936,500,hizma
2937,501,husan
2938,502,al-isawiyya
2939,503,ishwa
2940,504,islin
2941,505,khirbat-ism-allah
2942,506,jaba-jerusalem
2943,507,jarash
2944,508,jericho
2945,509,jerusalem
2946,510,al-jib
2947,511,judeira
2948,512,al-jura-jerusalem
2949,513,kafr-aqab
2950,514,kasla
2951,515,al-khadr
2952,516,khan-al-ahmar
2953,517,khirbat-al-lawz
2954,518,lifta
2955,519,al-maliha
2956,520,mukhmas
2957,521,nabi-musa
2958,522,al-nabi-sumwil
2959,523,nahalin
2960,524,nitaf
2961,525,neve-yaakov-jerusalem
2962,526,nueima
2963,527,al-qabu
2964,528,qalandiya
2965,529,qalunya
2966,530,abu-ghosh
2967,531,al-qastal
2968,532,qatanna
2969,533,qiryat-anavim
2970,534,al-qubayba-jerusalem
2971,535,rafat-jerusalem
2972,536,al-ram
2973,537,ramat-rahel
2974,538,ras-abu-ammar
2975,539,sara
2976,540,saris
2977,541,sataf
2978,542,al-sawahira
2979,543,sharafat
2980,544,shufat
2981,545,silwan
2982,546,suba
2983,547,sufla
2984,548,sur-bahir
2985,549,al-tur
2986,550,khirbat-al-umur
2987,551,wadi-fuqin
2988,552,al-walaja-jerusalem
2989,553,ajja
2990,554,anin
2991,555,anza
2992,556,arraba-jenin
2993,557,arabbuna
2994,558,araqa
2995,559,arrana
2996,560,ayn-al-mansi
2997,561,al-barid-al-hashimiya
2998,562,bartaa
2999,563,bayt-qad
3000,564,burqin-jenin
3001,565,dayr-abu-daif
3002,566,dayr-ghazala
3003,567,fahma
3004,568,fandaqumiya
3005,569,faqqua
3006,570,firasin
3007,571,jaba-jenin
3008,572,jalama
3009,573,jalbun
3010,574,jalqamus
3011,575,jarba
3012,576,jenin
3013,577,judeida
3014,578,kafr-dan
3015,579,kafr-qad
3016,580,kafr-rai
3017,581,kufayr
3018,582,kufeirat
3019,583,al-mazar-jenin
3020,584,meithalun
3021,585,mirka
3022,586,misilya
3023,587,al-mughayyir-jenin
3024,588,muqeibila
3025,589,nuris
3026,590,qabatiya
3027,591,raba
3028,592,al-rama-jenin
3029,593,rummana-jenin
3030,594,sandala
3031,595,sanur
3032,596,silat-al-dahr
3033,597,silat-al-harithiya
3034,598,sir
3035,599,siris
3036,600,tiinnik
3037,601,tilfit
3038,602,umm-al-fahm
3039,603,umm-al-tut
3040,604,yabad
3041,605,yamun
3042,606,zababida
3043,607,zalafa
3044,608,zawiya-jenin
3045,609,zibda
3046,610,zirin
3047,611,zububa
3048,612,ammuriyya
3049,613,aqqaba
3050,614,aqraba
3051,615,asira-al-qiblya
3052,616,asira-al-shamaliyya
3053,617,askar
3054,618,awarta
3055,619,aynabus
3056,620,azmut
3057,621,balata
3058,622,baqat-al-hatab
3059,623,bayt-dajan-nablus
3060,624,bayt-furiq
3061,625,bayt-iba
3062,626,bayt-umrin
3063,627,bayt-wazzan
3064,628,bazzariya
3065,629,beita
3066,630,biddya
3067,631,burin
3068,632,burqa-nablus
3069,633,burqin-nablus
3070,634,dayr-ballut
3071,635,dayr-al-hatab
3072,636,dayr-istiyya
3073,637,dayr-sharaf
3074,638,duma
3075,639,farta
3076,640,farkha
3077,641,al-funduq
3078,642,ghor-al-faria
3079,643,hajja
3080,644,haris
3081,645,huwwara
3082,646,ijnisinya
3083,647,immatin
3084,648,iskaka
3085,649,jalud
3086,650,jammain
3087,651,jinsafut
3088,652,jit
3089,653,juneid
3090,654,jurish
3091,655,kafr-al-deik
3092,656,kafr-laqif
3093,657,kavr-qaddum
3094,658,kafr-qalil
3095,659,khirbat-qeis
3096,660,khirbat-sir
3097,661,kifl-harith
3098,662,lubban-al-sharqiyya
3099,663,madama
3100,664,majdal-bani-fadil
3101,665,marda
3102,666,mas-ha
3103,667,al-mughayyir-nablus
3104,668,nablus
3105,669,al-naqura
3106,670,nidf-jubeil
3107,671,qabalan
3108,672,qarawar-bani-hasan
3109,673,qaryut
3110,674,qira-nablus
3111,675,qusin
3112,676,qusra
3113,677,rafat-nablus
3114,678,rafidiya
3115,679,rujeib
3116,680,sabastiyya
3117,681,salfit
3118,682,salim-nablus
3119,683,sanniriya
3120,684,sarra
3121,685,sarta
3122,686,al-sawiya
3123,687,talfit
3124,688,tall
3125,689,talluza
3126,690,tammun
3127,691,tayasir
3128,692,tubas
3129,693,urif
3130,694,usarin
3131,695,yanun
3132,696,yasid
3133,697,yasuf
3134,698,yatma
3135,699,zawata
3136,700,zawiya-nablus
3137,701,zayta-nablus
3139,703,afula
3140,704,arab-al-subeih
3141,705,ayn-mahil
3142,706,balfurya
3143,707,bueina
3144,708,dabburiyya
3145,709,al-dahi
3146,710,gevat
3147,711,ginnegar
3148,712,iksal
3149,713,ilut
3150,714,indur
3151,715,kafr-kanna
3152,716,kafr-manda
3153,717,kawkab-abu-al-heija
3154,718,kefar-barukh
3155,719,kefar-gidon
3157,721,kefar-tavor
3159,723,mahane-yisrael
3160,724,maalul
3161,725,mash-had
3162,726,merhavya-moshav
3163,727,merhavya-qibbuz
3164,728,mizra
3165,729,mount-tabour
3166,730,al-mujaydal
3167,731,nain
3168,732,naura
3169,733,nazareth
3170,734,al-reina
3171,735,rummana-nazareth
3172,736,safuriyya
3173,737,sarid
3174,738,sulam
3175,739,tamra-nazareth
3176,740,tel-adashim
3177,741,turan
3178,742,umm-qubei-khirbat-malta
3179,743,uzeir
3180,744,yafa
3181,745,abu-qashsh
3182,746,abu-shukheidim
3183,747,abud
3184,748,ibwein
3185,749,ajjul
3186,750,arura
3187,751,atara
3188,752,ayn-arik
3189,753,ayn-qinya
3190,754,ayn-sinya
3191,755,ayn-yabrud
3192,756,bayt-liqya
3193,757,bayt-rima
3194,758,bayt-sira
3195,759,bayt-ur-al-fuqa
3196,760,bayt-ur-al-tahta
3197,761,beitillu
3198,762,beitin
3199,763,beitunya
3200,764,bir-zeit
3201,765,al-bira-ramallah
3202,766,burham
3203,767,burqa-ramallah
3204,768,dayr-abu-mashal
3205,769,dayr-ammar
3206,770,dayr-dibwan
3207,771,dayr-ghassana
3208,772,dayr-ibzi
3209,773,dayr-jarir
3210,774,dayr-nidham
3211,775,dayr-al-surdan
3212,776,dura-al-qari
3213,777,jammala
3214,778,al-janiya
3215,779,jibya
3216,780,jifna
3217,781,jiljilya
3218,782,kafr-ein
3219,783,kafr-malik
3220,784,kafr-nima
3221,785,kaubar
3222,786,khirbat-al-misbah
3223,787,khirbat-abu-falah
3224,788,mazari-al-nubani
3225,789,al-mazara-al-qibliyya
3226,790,al-mazraa-al-sharqiyya
3227,791,al-nabi-salih
3228,792,qarawat-bani-zeid
3229,793,ramallah
3230,794,rammun
3231,795,ras-karkar
3232,796,saffa
3233,797,silwad
3234,798,sinjil
3235,799,surda
3236,800,tayyiba
3237,801,al-tira-ramallah
3238,802,turmus-ayya
3239,803,umm-safa
3240,804,yabrud
3241,805,abil-al-qamh
3242,806,al-abisiyya
3243,807,ayyelet-hashahar
3244,808,akbara
3245,809,alma-safad
3246,810,ammuqa
3247,811,arab-al-shamalina
3248,812,ayn-al-zaytun
3249,813,baysamun
3250,814,biriyya-safad
3251,815,al-buwayziyya
3252,816,dafna
3253,817,dallata
3254,818,dan
3255,819,al-dawwara
3256,820,dayshum
3257,821,al-dirbashiyya
3259,823,fara
3260,824,al-farradiyya
3261,825,firim
3262,826,ghabbatiyya
3263,827,ghuraba
3264,828,harrawi
3265,829,khirbat-al-hiqab
3266,830,hazon
3268,832,hunin
3269,833,hurfeich
3270,834,jahula
3271,835,al-jauna
3272,836,jish
3273,837,jubb-yusuf
3274,838,kafr-birim
3275,839,al-khalisa
3276,840,kefar-giladi
3277,841,al-khisas
3278,842,khiyam-al-walid
3279,843,kirad-al-baqqara
3280,844,kirad-al-ghannama
3281,845,lazzaza
3283,847,al-malikiyya
3284,848,mallaha
3285,849,menara
3286,850,al-mansura-safad
3287,851,mansurat-al-khayt
3288,852,marus
3289,853,mirun
3290,854,metula
3291,855,mishmar-hayarden
3292,856,al-muftakhira
3293,857,mughr-al-khayt
3294,858,al-nabi-yusha
3295,859,al-naima
3296,860,qabbaa
3297,861,qadas
3298,862,qaddita
3299,863,qaytiyya
3300,864,al-qudayriyya
3301,865,al-ras-al-ahmar
3302,866,al-rihaniyya-safad
3303,867,rosh-pinna
3304,868,sabalan
3305,869,safad
3306,870,safsaf
3307,871,saliha
3308,872,al-salihiyya
3309,873,al-sammui
3310,874,al-sanbariyya
3311,875,sasa
3312,876,al-shawka-al-tahta
3313,877,shear-yashuv
3314,878,al-shuna
3315,879,taytaba
3316,880,tuba
3317,881,tulayl
3318,882,al-ulmaniyya
3319,883,al-wayziyya
3320,884,yarda
3321,885,yesud-hamaala
3322,886,al-dhahiriyya-al-fauqa
3323,887,al-dhahiriyya-al-tahta
3324,888,al-zanghariyya
3325,889,al-zawiya
3326,890,al-zuq-al-fawqani
3327,891,al-zuq-at-tahtani
3329,893,afiqim
3330,894,ashdot-yaaqov-ihud
3331,895,awlam
3333,897,bet-zera-kefar-gun
3335,899,al-dalhamiyya
3336,900,deganya-alef
3337,901,deganya-bet
3338,902,eilabun
3339,903,en-gev
3340,904,ghuwayr-abu-shusha
3341,905,hadatha
3342,906,al-hamma
3343,907,hittin
3344,908,kafr-kama
3345,909,kafr-sabt
3346,910,kefar-hittim
3347,911,kinneret-moshava
3348,912,kinneret-qevuza
3349,913,lubya
3350,914,madhar
3351,915,maghar
3352,916,al-majdal-tiberias
3353,917,al-manara
3354,918,menahemya
3355,919,migdal
3356,920,mizpa
3357,921,nimrin
3358,922,poriyya-illit
3359,923,samakh
3360,924,al-samakiyya
3361,925,al-samra
3364,928,al-shajara
3365,929,sharona
3366,930,shorashim
3367,931,al-tabigha
3368,932,tiberias
3369,933,al-ubaydiyya
3370,934,khirbat-al-waara-al-sawda
3371,935,yaquq
3372,936,yavneel
3373,937,anabta
3374,938,al-attara
3375,939,attil
3376,940,avihayil
3377,941,azzun
3378,942,bala
3379,943,baqa-al-gharbiyya
3380,944,baqa-al-sharqiyya
3381,945,bayt-lid
3382,946,khirbat-bayt-lid
3383,947,bet-yannay
3384,948,bet-yizhaq-sh-hefer
3386,950,birkat-ramadan
3387,951,bitan-aharon
3388,952,dayr-al-gusun
3389,953,en-hahoresh
3391,955,en-wered
3392,956,elyashiv
3393,957,even-yehuda
3394,958,falama
3395,959,fardisya
3396,960,farun
3397,961,gan-hayyim
3398,962,ghabat-jaiyus
3399,963,ghabat-al-tayiba-al-qibliya
3400,964,ghabat-al-tayiba-al-shamaliyya
3401,965,ghabat-ababisha
3402,966,ghabat-kafr-sur
3403,967,ghabat-miska
3404,968,givat-hayyim-ihud
3406,970,habla
3407,971,havazzelet-hasharon
3408,972,herut
3409,973,hibbat-ziyyon
3410,974,hogla
3411,975,illar
3412,976,irtah
3413,977,al-jalama-tulkarm
3414,978,jaljuliya
3415,979,jatt-tulkarm
3416,980,jayous
3417,981,kafr-abbush
3418,982,kafr-bara
3419,983,kafr-jammal
3420,984,kafr-al-labbad
3421,985,kafr-qasim
3422,986,kafr-rumman
3423,987,kafr-saba
3424,988,kafr-sur
3425,989,kafr-thulth
3426,990,kafr-zibad
3427,991,kefar-hayyim
3428,992,kefar-haroe
3429,993,kefar-hess
3430,994,kefar-vitkin
3431,995,kefar-yona
3432,996,khirbat-khresh
3433,997,kur
3434,998,mabarot
3435,999,khirbat-al-manshiyya
3436,1000,mishmar-hasharon
3437,1001,miska
3439,1003,netanya
3440,1004,nazla-al-gharbiyya
3441,1005,nazla-al-sharqiyya
3442,1006,nazla-al-wusta
3443,1007,nazlat-abu-nar
3444,1008,nazlat-isa
3446,1010,qadima-zoran
3447,1011,qaffin
3448,1012,qalansuwa
3449,1013,qalqilya
3450,1014,qaqun
3451,1015,ramat-hakovesh
3452,1016,ramin
3453,1017,raml-zeita
3454,1018,al-ras
3455,1019,saffarin
3456,1020,seida
3457,1021,shufa
3458,1022,shuweika
3459,1023,tabsur
3460,1024,al-tayyiba-tulkarm
3461,1025,tel-mond
3463,1027,al-tira-tulkarm
3464,1028,dhinnaba
3466,1030,tulkarm
3467,1031,umm-khalid
3468,1032,wadi-al-hawarith
3469,1033,wadi-qabbani
3471,1035,khirbat-al-zababida
3472,1036,khirbat-zalafa
3473,1037,zayta-tulkarm
3474,1038,al-kabri
3475,1039,al-mansura-acre
3476,1040,al-nabi-rubin-acre
3477,1041,al-tall
3478,1042,arab-ghawarina
3479,1043,khirbat-iribbin
3480,1044,suruh
3481,1045,abu-abdoun
3482,1046,abu-al-udous
3483,1047,abu-al-hussain
3484,1048,abu-amrah
3485,1049,abu-athera
3486,1050,abu-bakrah
3487,1051,abu-ghalion
3488,1052,abu-ghalyun
3489,1053,abu-grainat
3490,1054,abu-jaber
3491,1055,abu-jraiban
3492,1056,abu-jugaim
3493,1057,abu-juwayed
3494,1058,abu-kaff
3495,1059,abu-khatleh
3496,1060,abu-libbeh
3497,1061,abu-middain
3498,1062,abu-muailiq
3499,1063,abu-rawwaa
3500,1064,abu-rbaia
3501,1065,abu-rqayiq
3502,1066,abu-shalhoub
3503,1067,abu-shunnar
3504,1068,abu-sitteh
3505,1069,abu-sousain
3506,1070,abu-suailiq
3507,1071,abu-yehya
3508,1072,al-asam
3509,1073,al-buraiqi
3510,1074,al-fukara
3511,1075,al-maqhaz-al-nuwairi
3512,1076,al-omour
3513,1077,al-sani
3515,1079,al-soufi
3516,1080,al-zraiye
3517,1081,al-imara
3518,1082,al-araqib
3519,1083,al-diqs-quz-al-jabba
3520,1084,khirbat-zubala-al-huzaiyil
3521,1085,al-khalasa
3522,1086,al-ksarr
3523,1087,al-sawakhneh
3524,1088,al-smeeri
3525,1089,al-zuwaira
3526,1090,arab-al-asiyat
3527,1091,arab-al-qilai
3528,1092,arab-subeihat
3529,1093,arab-subhiyin
3530,1094,arab-sufiyin
3531,1095,asluj
3532,1096,atawneh
3533,1097,bdinat-baikat-al-irr
3534,1098,beli
3535,1099,beni-okbeh
3536,1100,abu-ajlan
3537,1101,es-sawarika-bin-rifee
3538,1102,bin-sabbah
3539,1103,faraheen
3540,1104,galazin-tayaha
3541,1105,hkuk-al-assad
3542,1106,janabib
3543,1107,kurnub
3544,1108,masamereh
3545,1109,masoudiyeen
3546,1110,mohamediyeen
3547,1111,mureiat
3548,1112,nabaat
3549,1113,rawashdeh
3550,1114,sheikh-nuran
3551,1115,shlalyeen
3552,1116,shoour
3553,1117,subaihat
3554,1118,subhiyeen
3555,1119,khirbat-al-marashan-thabet
3556,1120,uja-al-hafeer
3557,1121,umm-al-rashrash
3558,1122,urour
3560,1124,al-munkheila-wuhaidat
3561,1125,wulaydeh
3563,1127,zarabeh
3564,1128,arab-zarraa
3565,1129,khirbat-al-taqa
3566,1130,khirbat-al-zawiya
3567,1131,shatta
3568,1132,al-ghubayya-al-fawqa
3569,1133,al-khureiba
3570,1134,al-naghnaghiyya
3571,1135,al-sawamir
3572,1136,arab-zahrat-al-dumayri
3573,1137,barrat-qisarya
3574,1138,hawsha
3575,1139,khirbat-al-kasair
3576,1140,khirbat-al-sarkas
3577,1141,khirbat-qumbaza
3578,1142,khirbat-sasa
3579,1143,maqura
3580,1144,qira-haifa
3581,1145,waarat-al-sarris-khirbat-qua
3582,1146,al-manshiyya-jaffa
3583,1147,arab-awassat
3584,1148,arab-shubaki
3585,1149,hilat-as-sammak
3586,1150,sheikh-saeed-al-qurani
3587,1151,al-lajjun
3588,1152,khirbat-al-jawfa
3589,1153,beit-mazmil
3590,1154,ein-jiddi
3591,1155,khirbat-al-tannur
3592,1156,ajanjul
3593,1157,nabi-thari
3594,1158,al-urayfiyya
3595,1159,al-butayha
3596,1160,al-dirdara
3597,1161,al-hamra-safad
3598,1162,al-husayniyya
3599,1163,al-manshiyya-safad
3600,1164,arab-al-zubayd
3601,1165,khan-al-duwayr
3602,1166,khirbat-al-muntar
3603,1167,khirbat-karraza
3604,1168,madahil
3605,1169,mughr-al-druz
3606,1170,al-mansura-tiberias
3607,1171,al-nuqayb
3608,1172,manshiyyat-samakh
3609,1173,nasir-al-din
3610,1174,tall-al-hunud
3611,1175,wadi-al-hamam
3612,1176,bassat-al-falek-birkat-ramadan
3613,1177,bayyarat-hannun
3614,1178,khirbat-al-burj
3615,1179,khirbat-al-majdal
3616,1180,atlit-settlement
3617,1181,atlit
3619,1183,khirbat-al-manara
3620,1184,khirbat-umm-sabuna
3621,1185,abu-jraiban-saadneh-jbarat
3622,1186,al-dhawahreh-hanajreh
3623,1187,al-fukara-irteimat-jbarat
3624,1188,bdinat-tayaha
3625,1189,bin-sabbah-hasanat-jbarat
3627,1191,ghamr
3628,1192,hamayteh-saidiyeen
3629,1193,mathakeer-saidiyeen
3630,1194,nseirat-hanajreh
3631,1195,rawaytheh-saidiyeen
3632,1196,rummamneh-saidiyeen
3633,1197,saraheen-azazema
3634,1198,subhiyeen-azzema
3635,1199,wuhaidat-tarabin
3636,1200,khirbat-ras-ali
3637,1201,khirbat-al-shuna
3638,1202,qatamon
3639,1203,ras-al-ein-tulkarm
3642,10004,abu-tulul
3643,10005,ibtin
3644,10006,avtalyon
3645,10007,aviel
3646,10008,avivim
3647,10009,avigedor
3648,10011,avital
3649,10012,aviezer
3650,10013,abbirim
3651,10015,even-menahem
3652,10016,even-sappir
3653,10017,even-shemuel
3654,10019,avne-hefez
3655,10020,avenat
3656,10021,avshalom
3657,10022,adora
3658,10023,addirim
3659,10024,adamit
3660,10025,adderet
3661,10026,udim
3662,10028,ohad
3663,10030,umm-al-qutuf
3664,10031,umm-batin
3665,10032,omen
3666,10033,omez
3667,10034,ofaqim
3668,10035,or-haganuz
3669,10036,or-haner
3670,10037,or-yehuda
3671,10038,or-aqiva
3672,10039,ora
3673,10040,orot
3674,10042,urim
3675,10043,oranim
3676,10044,oranit
3677,10046,azor
3678,10047,ahawa
3679,10048,ahuzzam
3680,10049,ahuzzat-baraq
3681,10050,ahihud
3682,10051,ahituv
3683,10052,ahisamakh
3684,10053,ahiezer
3685,10054,ibbim
3686,10055,eyal
3687,10057,elon
3688,10058,elot
3689,10059,ilaniyya-sejera
3690,10060,elat
3691,10061,irus
3692,10062,itamar
3693,10063,etan
3694,10064,etanim
3695,10066,al-azy
3696,10067,al-aryan
3697,10069,al-sayyid
3698,10070,alumma
3699,10071,alummot
3700,10072,allon-hagalil
3701,10073,elon-more
3702,10074,allon-shevut
3703,10077,allone-yizhaq
3704,10080,eliav
3705,10081,elyakhin
3706,10082,elifaz
3707,10083,elifelet
3708,10084,elyaqim
3709,10086,elishama
3710,10087,almagor
3711,10088,almog
3712,10089,elad
3713,10090,elazar
3714,10091,alfe-menashe
3715,10092,elqosh
3716,10093,elqana
3717,10094,emunim
3718,10095,amirim
3719,10096,amnun
3720,10097,amazya
3721,10099,asfar
3723,10103,afeq
3724,10104,efrat
3725,10105,arbel
3726,10106,argaman
3727,10107,erez
3728,10108,ariel
3729,10109,arsuf
3730,10110,eshbol
3731,10111,eshbal
3732,10112,ashdod
3733,10114,ashdot-yaaqov-meuhad
3734,10115,eshhar
3735,10116,eshkolot
3736,10117,eshel-hanasi
3737,10118,ashalim
3738,10119,ashqelon
3739,10120,asherat
3740,10121,eshtaol
3741,10123,beer-ora
3742,10124,beer-gannim
3743,10127,beer-milka
3744,10129,beerot-yizhaq
3745,10130,beerotayim
3746,10131,beeri
3747,10132,bustan-hagalil
3748,10135,burgeta
3749,10136,bahan
3750,10137,bitha
3751,10138,bizzaron
3752,10139,bir-el-maksur
3753,10140,bir-hadage
3754,10141,biriyya
3755,10142,bet-oren
3756,10143,bet-el
3757,10144,bet-elazari
3758,10146,bet-arye
3759,10147,bet-berl
3760,10149,bet-guvrin
3761,10150,bet-gamliel
3762,10151,bet-dagan
3763,10152,bet-hagaddi
3764,10153,bet-halewi
3765,10154,bet-hillel
3766,10155,bet-haemeq
3767,10156,bet-haarava
3768,10159,bet-zayit
3769,10161,bet-horon
3770,10162,bet-herut
3771,10163,bet-hilqiyya
3772,10165,bet-hananya
3773,10166,bet-hashmonay
3774,10167,bet-yehoshua
3775,10168,bet-yosef
3776,10172,bet-meir
3777,10173,bet-nehemya
3778,10174,bet-nir
3779,10175,bet-neqofa
3780,10177,bet-uzziel
3781,10178,bet-ezra
3782,10179,bet-arif
3783,10180,bet-zevi
3784,10181,bet-qama
3785,10182,bet-qeshet
3786,10183,bet-rabban
3787,10184,bet-rimmon
3788,10185,bet-shean
3789,10186,bet-shemesh
3790,10188,bet-shiqma
3791,10190,betar-illit
3792,10192,ben-zakkay
3793,10193,ben-ammi
3794,10195,ben-shemen-moshav
3795,10197,bne-dkalim
3796,10198,bene-darom
3797,10199,bene-deror
3798,10201,bne-netsarim
3799,10202,bene-atarot
3800,10203,bene-ayish
3801,10204,bene-ziyyon
3802,10205,bene-reem
3803,10206,benaya
3804,10208,muawiya-basma
3805,10209,basmat-tabun
3806,10211,bazra
3807,10212,bezet
3808,10213,beqoa
3809,10214,beqaot
3810,10215,bar-giyyora
3811,10216,bar-yohay
3812,10217,brukhin
3813,10218,beror-hayil
3814,10219,berosh
3815,10220,berakha
3816,10221,berekhya
3817,10222,baram
3818,10223,baraq
3820,10225,barqan
3821,10226,bareqet
3822,10227,bat-hadar
3823,10228,bat-hen
3824,10229,bat-hefer
3825,10231,bat-ayin
3827,10239,geule-teman
3828,10240,geulim
3829,10241,gealya
3830,10243,gevim
3831,10245,geva-binyamin
3832,10246,geva-karmel
3833,10247,givolim
3834,10248,givon-hahadasha
3835,10249,gevaot-bar
3836,10250,givat-avni
3837,10251,givat-ela
3838,10253,givat-hashelosha
3839,10254,givat-zeev
3840,10257,givat-hayyim-meuhad
3841,10259,givat-yearim
3842,10260,givat-yeshayahu
3843,10261,givat-koah
3844,10262,givat-nili
3845,10263,givat-oz
3846,10264,givat-shemuel
3847,10265,givat-shemesh
3848,10266,givat-shappira
3849,10267,givati
3850,10269,gevaram
3851,10271,gadot
3852,10272,gadish
3853,10273,gidona
3854,10275,gonen
3855,10276,goren
3856,10277,gornot-hagalil
3857,10278,gazit
3858,10279,gezer
3859,10280,gea
3860,10281,gibbeton
3861,10282,gizo
3862,10283,gilon
3863,10284,gilat
3864,10285,ginnosar
3865,10287,ginnaton
3866,10288,gitta
3867,10289,gittit
3868,10290,galon
3869,10291,gilgal
3870,10292,gelil-yam
3871,10293,galed-even-yizhaq
3872,10294,gimzo
3873,10295,gan-hadarom
3874,10296,gan-hashomeron
3875,10298,gan-yoshiyya
3876,10300,gan-ner
3877,10301,gan-soreq
3878,10303,gan-shemuel
3879,10304,gannot
3880,10305,gannot-hadar
3881,10306,ganne-hadar
3882,10307,ganne-tal
3883,10308,ganne-yohanan
3884,10309,ganne-modiin
3885,10310,ganne-am
3886,10311,ganne-tiqwa
3887,10312,gaash
3888,10313,gaton
3889,10314,gefen
3890,10315,gerofit
3891,10317,gesher
3892,10318,gesher-haziw
3893,10319,gat
3894,10322,devora
3895,10324,devira
3896,10325,daverat
3897,10328,dovev
3898,10329,dolev
3899,10330,dor
3900,10331,dorot
3901,10335,deir-rafat
3902,10336,dimona
3903,10337,dishon
3904,10338,daliyya
3905,10339,dalton
3906,10340,demeide
3907,10343,deqel
3908,10344,derigat
3909,10345,haon
3910,10346,habonim
3911,10347,hagosherim
3912,10349,hod-hasharon
3913,10350,hodayot
3914,10351,hodiyya
3915,10352,hoshaaya
3916,10354,hazoreim
3917,10355,hahoterim
3918,10356,hayogev
3919,10357,hilla
3920,10358,hamapil
3921,10359,hasolelim
3922,10360,haogen
3923,10361,har-adar
3924,10362,har-gillo
3925,10363,har-amasa
3926,10364,harel
3927,10365,harduf
3928,10367,hararit
3929,10368,wered-yeriho
3930,10369,wardon
3931,10370,zavdiel
3932,10371,zohar
3933,10372,ziqim
3934,10373,zetan
3935,10375,zekharya
3936,10376,yamma
3937,10377,zimrat
3938,10378,zanoah
3939,10379,zerua
3940,10380,zarzir
3941,10381,zerahya
3942,10382,khawaled
3943,10384,hever
3944,10385,hagor
3945,10386,haggay
3946,10389,hadid
3947,10393,holit
3948,10394,hulata
3949,10395,hosen
3950,10396,hussniyya
3951,10397,hofit
3952,10398,huqoq
3953,10399,hura
3954,10401,horeshim
3956,10404,hinnanit
3958,10407,haluz
3959,10408,hallamish
3960,10409,helez
3961,10410,hamam
3962,10411,hemed
3963,10412,hamadya
3964,10413,hemdat
3965,10414,hamra
3966,10415,hanniel
3967,10417,hannaton
3968,10419,hafez-hayyim
3969,10421,hazav
3970,10422,hazeva
3971,10423,hazor-ashdod
3972,10424,hazor-hagelilit
3973,10425,hazerim
3974,10426,herev-leet
3975,10427,haruzim
3976,10428,harish
3977,10429,hermesh
3978,10430,harashim
3979,10431,hashmonaim
3980,10433,tuba-zangariyye
3981,10438,tirat-yehuda
3982,10439,tirat-karmel
3983,10441,tal-el
3984,10442,tal-shahar
3985,10443,telalim
3986,10444,talmon
3987,10447,tene
3988,10448,tefahot
3989,10450,yevul
3990,10452,yavne
3992,10454,yagel
3993,10455,yad-binyamin
3994,10456,yad-hashemona
3995,10457,yad-hanna
3996,10458,yad-mordekhay
3997,10459,yad-natan
3998,10460,yad-rambam
3999,10461,yedida
4000,10462,yehud
4001,10463,yahel
4002,10464,yuval
4003,10465,yuvallim
4004,10466,yodefat
4005,10468,yoshivya
4006,10469,yizreel
4007,10470,yehiam
4008,10471,yotvata
4009,10472,yitav
4010,10473,yakhini
4011,10474,yanuv
4012,10475,yinnon
4013,10477,yesodot
4014,10478,yasur-acre
4015,10479,yaad
4016,10480,yeaf
4017,10481,yaara
4018,10483,yafit
4019,10484,yifat
4020,10485,yiftah
4021,10486,yizhar
4022,10487,yaziz
4023,10488,yaqum
4024,10489,yaqir
4025,10491,yoqneam-illit
4026,10492,yiron
4027,10493,yardena
4028,10494,yeroham
4029,10496,yarhiv
4030,10499,yesha
4031,10500,yishi
4032,10501,yashresh
4033,10502,yated
4035,10505,kabri
4036,10506,kadoorie
4037,10507,kaddita
4038,10508,kokhav-hashahar
4039,10509,kokhav-yair
4040,10510,kokhav-yaaqov
4041,10511,kokhav-mikhael
4042,10512,korazim
4043,10513,kahal
4044,10514,kochlea
4045,10515,kissufim
4046,10516,kishor
4047,10517,kelil
4048,10518,kallanit
4049,10519,kamane
4050,10520,kemehin
4051,10521,kammon
4052,10522,kannot
4053,10526,kuseife
4054,10527,kesalon
4055,10529,kaabiyye-tabbash-hajajre
4056,10530,kefar-aviv
4057,10531,kefar-adummim
4058,10533,kefar-ahim
4059,10534,kefar-bialik
4060,10536,kefar-blum
4061,10537,kefar-bin-nun
4062,10541,kefar-gallim
4063,10542,kefar-glikson
4064,10544,kefar-daniyyel
4065,10545,kefar-haoranim
4066,10546,kefar-hahoresh
4067,10548,kefar-hanagid
4068,10549,kefar-hanoar-hadati
4069,10550,kefar-hanasi
4070,10553,kefar-harif
4071,10556,kefar-weradim
4072,10557,kefar-zoharim
4073,10558,kefar-zetim
4074,10559,kefar-habad
4075,10560,kefar-hoshen
4076,10563,kefar-hananya
4077,10565,kefar-hasidim-bet
4078,10567,kefar-truman
4079,10569,kefar-yedidya
4080,10573,kefar-yabez
4081,10576,kefar-monash
4082,10577,kefar-maymon
4083,10581,kefar-masaryk
4084,10583,kefar-mordekhay
4085,10584,kefar-netter
4086,10585,kefar-szold
4087,10587,kefar-silver
4088,10589,kefar-avoda
4089,10590,kefar-azza
4090,10591,kefar-ezyon
4091,10592,kefar-pines
4092,10594,kefar-kisch
4093,10596,kefar-rosh-haniqra
4094,10597,kefar-rozenwald-zarit
4095,10598,kefar-ruppin-massad
4096,10599,kefar-rut
4097,10600,kefar-shammay
4098,10601,kefar-shemuel
4099,10602,kefar-shemaryahu
4100,10604,kefar-tappuah
4101,10605,karkom
4102,10606,kerem-ben-zimra
4103,10607,kerem-ben-shemen
4104,10608,kerem-yavne-yeshiva
4105,10609,kerem-maharal
4106,10610,kerem-shalom
4107,10611,karme-yosef
4108,10612,karme-zur
4109,10613,karmiel
4110,10614,karmiyya
4111,10615,keramim
4112,10616,karmel
4113,10617,lavon
4114,10618,lavi
4115,10619,livnim
4116,10620,lahav
4117,10621,lahavot-habashan
4118,10622,lahavot-haviva
4119,10623,lehavim
4120,10625,luzit
4121,10626,lohame-hagetaot
4122,10627,lotem
4123,10628,lotan
4124,10629,liman
4125,10630,lakhish
4126,10631,lappid
4127,10632,lappidot
4128,10633,laqye
4129,10634,maor
4130,10636,mevo-betar
4131,10637,mevo-dotan
4132,10638,mevo-horon
4133,10640,mevo-modiim
4134,10641,mevoot-yam
4135,10642,mabbuim
4136,10643,mivtahim
4137,10644,mavqiim
4138,10645,mevasseret-ziyyon
4141,10649,megadim
4142,10652,migdal-oz
4143,10653,migdalim
4144,10654,megiddo
4145,10655,maggal
4146,10656,magen
4147,10657,magen-shaul
4148,10658,magshimim
4149,10659,midrakh-oz
4150,10660,midreshet-ben-gurion
4151,10661,midreshet-ruppin
4152,10662,modiin-makkabbim-reut
4153,10663,modiin-illit
4154,10664,sawa-molada
4155,10665,moledet
4156,10666,moza-illit
4157,10668,moran
4158,10669,moreshet
4159,10670,mazor
4160,10674,mehola
4161,10675,mahane-yattir
4162,10676,mahanayim
4163,10677,mahseya
4164,10679,matta
4165,10680,me-ammi
4166,10681,metav
4167,10682,meiser
4168,10684,merav
4169,10685,meron
4170,10686,meshar
4171,10687,metar
4172,10688,mekhora
4173,10689,makchul
4174,10690,mikhmoret
4175,10691,mikhmannim
4176,10692,melea
4177,10693,melilot
4178,10694,malkiyya
4179,10695,malkishua
4180,10696,menuha
4181,10697,manof
4182,10698,manot
4183,10701,manshiyyet-zabda
4184,10702,massad
4185,10703,massada
4186,10704,mesillot
4187,10705,mesillat-ziyyon
4188,10706,maslul
4189,10709,magalim
4190,10710,maagan
4191,10711,maagan-mikhael
4192,10712,maoz-hayyim
4193,10713,maon
4194,10714,meona
4195,10715,mayan-barukh
4196,10716,mayan-zevi
4197,10718,maale-adummim
4198,10719,maale-efrayim
4199,10720,maale-gilboa
4200,10722,maale-hahamisha
4201,10723,maale-levona
4202,10724,maale-mikhmas
4203,10725,maale-iron
4204,10726,maale-amos
4205,10727,maale-shomeron
4206,10728,maalot-tarshiha
4207,10729,maanit
4208,10730,maas
4209,10731,mefallesim
4210,10732,mezadot-yehuda
4211,10733,mazzuva
4212,10734,mazliah
4213,10736,mizpe-aviv
4214,10737,mitspe-ilan
4215,10738,mizpe-yeriho
4216,10739,mizpe-netofa
4217,10740,mizpe-ramon
4218,10741,mizpe-shalem
4219,10742,mezer
4220,10744,margaliyyot
4221,10746,merhav-am
4222,10749,merkaz-shappira
4223,10750,mashabbe-sade
4224,10751,misgav-dov
4225,10752,misgav-am
4226,10754,massua
4227,10755,massuot-yizhaq
4228,10756,maskiyyot
4229,10757,mishmar-ayyalon
4230,10758,mishmar-dawid
4232,10760,mishmar-hanegev
4233,10762,mishmar-hashiva
4234,10764,mishmarot
4235,10765,mishmeret
4236,10766,mashen
4237,10767,mattan
4238,10768,mattat
4239,10769,mattityahu
4240,10771,neot-hakikkar
4241,10772,neot-mordekhay
4242,10773,neot-smadar
4243,10775,nevatim
4244,10777,negohot
4245,10778,nehora
4246,10782,nogah
4247,10783,nave
4248,10784,newe-ur
4249,10786,newe-ilan
4250,10787,newe-etan
4251,10788,newe-daniyyel
4252,10789,newe-zohar
4253,10790,newe-ziv
4254,10791,newe-harif
4255,10792,newe-yam
4256,10793,newe-yamin
4257,10794,newe-yaraq
4258,10795,newe-mivtah
4259,10796,newe-mikhael
4260,10797,newe-shalom
4261,10798,noam
4262,10799,nof-ayyalon
4263,10800,nofim
4264,10801,nofit
4265,10802,nofekh
4266,10803,noqedim
4267,10804,nordiyya
4268,10805,nurit
4269,10806,nehusha
4270,10807,nahal-oz
4271,10808,nahala
4272,10809,nahaliel
4273,10810,nehalim
4274,10811,naham
4276,10813,nahsholim
4277,10814,nahshon
4278,10815,nahshonim
4279,10816,netua
4280,10818,neta
4281,10819,netaim
4282,10820,nataf
4283,10822,nili
4284,10823,nizzan
4285,10824,nizzan-b
4286,10825,nizzana-qehilat-hinuh
4287,10826,nizzane-sinay
4288,10827,nizzane-oz
4289,10828,nizzanim
4290,10829,nir-eliyyahu
4291,10830,nir-banim
4292,10831,nir-gallim
4293,10832,nir-dawid-tel-amal
4294,10833,nir-hen
4295,10834,nir-yafe
4296,10835,nir-yizhaq
4297,10836,nir-yisrael
4298,10837,nir-moshe
4299,10838,nir-oz
4300,10839,nir-am
4301,10840,nir-ezyon
4302,10841,nir-aqiva
4303,10842,nir-zevi
4304,10843,nirim
4305,10844,nirit
4306,10845,niran
4307,10846,nes-harim
4308,10847,nes-ammim
4309,10849,neurim
4310,10850,naale
4311,10851,naama
4312,10852,naan
4313,10853,nezer-hazzani
4314,10854,nezer-sereni
4315,10856,nazerat-illit
4316,10858,netiv-hagedud
4317,10859,netiv-halamed-he
4318,10860,netiv-haasara
4319,10861,netiv-hashayyara
4320,10862,netivot
4321,10865,sasa-settlement
4322,10866,savyon
4323,10867,segulla
4324,10868,sawaid-hamriyye
4325,10870,suseya
4326,10871,sufa
4327,10872,sakhnin
4328,10873,salama-acre
4329,10874,salit
4330,10875,samar
4331,10876,sansana
4332,10877,saad
4333,10878,saar
4334,10879,sappir
4335,10880,sitriyya
4336,10882,avdon
4337,10883,evron-gaaton
4338,10884,agur
4339,10885,adi
4340,10886,adanim
4341,10887,uza
4342,10889,olesh
4343,10890,omer
4344,10891,ofer
4345,10892,ozem
4346,10893,ezuz
4347,10894,ezer
4348,10895,azriel
4349,10896,azarya
4350,10897,azriqam
4351,10898,atarot-
4352,10899,iddan
4354,10901,ayanot
4355,10903,en-ayyala
4356,10904,ein-al-asad
4357,10906,en-gedi
4358,10907,en-dor
4359,10908,en-habesor
4360,10911,en-hamifraz
4361,10912,en-hanaziv
4362,10913,en-haemeq
4363,10915,en-hashelosha
4364,10918,ayn-hawd-new
4873,10919,en-harod-ihud
4366,10921,en-yahav
4367,10922,en-yaaqov
4368,10923,en-karem-bshaqlai
4369,10924,en-karmel
4370,10926,ein-naqquba
4371,10927,en-iron
4372,10928,en-zurim
4373,10930,ein-rafa
4374,10931,en-shemer
4375,10932,en-sarid
4376,10933,en-tamar
4377,10934,enat
4378,10936,alumim
4379,10937,eli
4380,10938,ale-zahav
4381,10939,alma
4382,10940,almon
4383,10941,amuqqa
4384,10942,amminadav
4385,10943,ammiad
4386,10944,ammioz
4387,10945,ammiqam
4388,10946,amir
4389,10947,immanuel
4390,10948,amka
4391,10949,enav
4392,10952,ofra
4393,10953,ez-efrayim
4394,10954,atsmon-segev
4395,10956,aramsha
4396,10957,arab-al-naim
4397,10958,arad
4398,10959,arugot
4399,10961,arara-banegev
4400,10962,aseret
4401,10964,otniel
4402,10965,paran
4403,10966,peduel
4404,10967,peduyim
4405,10968,pedaya
4406,10970,poriyya-kefar-avoda
4407,10971,poriyya-newe-oved
4408,10973,porat
4409,10974,pattish
4410,10975,pelekh
4411,10976,palmahim
4412,10977,pene-hever
4413,10978,pesagot
4414,10979,fassuta
4415,10980,paame-tashaz
4416,10981,pezael
4417,10983,peqiin-hadasha
4418,10985,pardesiyya
4419,10986,parod
4420,10987,perazon
4421,10988,peri-gan
4422,10990,petahya
4423,10991,zeelim
4424,10992,zviyya
4425,10993,zivon
4426,10994,zova
4427,10995,tzohar
4428,10996,zufim
4429,10997,zofit
4430,10998,zofar
4431,10999,zuqi-yam
4432,11000,zuqim
4433,11001,zur-hadassa
4434,11002,zur-yizhaq
4435,11003,zur-moshe
4436,11004,zur-natan
4437,11005,zuriel
4438,11006,zurit
4439,11007,zippori
4440,11008,zelafon
4441,11010,zafriyya
4442,11011,zafririm
4443,11013,zerufa
4444,11014,zora
4445,11015,qevuzat-yavne
4446,11016,qedumim
4447,11018,qedma
4448,11020,qedar
4449,11021,qidron
4450,11022,qaddarim
4451,11023,qomemiyyut
4452,11024,qoranit
4453,11025,qetura
4454,11026,qesaryya
4455,11027,qelahim
4456,11028,qalya
4457,11031,qazir
4458,11032,qasr-a-sir
4459,11034,qiryat-ono
4460,11035,qiryat-arba
4462,11037,qiryat-bialik
4463,11038,qiryat-gat
4464,11039,qiryat-tivon-qiryat-amal
4465,11040,qiryat-yam
4466,11041,qiryat-yearim
4467,11042,qiryat-yearim-institute
4468,11043,qiryat-motzkin
4469,11044,qiryat-malakhi
4470,11045,qiryat-netafim
4471,11047,qiryat-eqron
4472,11048,qiryat-shelomo
4473,11049,qiryat-shemona
4474,11050,qarne-shomeron
4475,11053,ras-al-ein-acre
4477,11055,rosh-haayin
4478,11057,rosh-zurim
4479,11059,revava
4480,11060,revadim
4481,11062,ravid
4482,11063,regba
4483,11064,regavim
4484,11065,rahat
4485,11066,rewaha
4486,11067,rewaya
4487,11070,rumat-heib
4488,11071,roi
4489,11072,rotem
4490,11073,rehov
4491,11075,rehelim
4493,11077,rehan
4494,11079,rimmonim
4495,11080,rinnatya
4496,11081,rekhasim
4497,11082,ram-on
4498,11084,ramot-hashavim
4499,11085,ramot-meir
4500,11086,ramot-menashe
4501,11087,ramot-naftali
4502,11097,ramat-zevi
4503,11098,ramat-raziel
4504,11100,rannen
4505,11101,reim
4506,11103,raqqefet
4507,11105,reshafim
4508,11106,retamim
4509,11108,shave-ziyyon
4510,11109,shave-shomeron
4511,11110,shibli-umm-al-ghanam
4512,11111,segev-shalom
4513,11112,sede-ilan
4514,11113,sede-eliyyahu
4515,11114,sede-eliezer
4516,11115,sede-boqer
4517,11116,sede-dawid
4518,11117,sede-warburg
4519,11118,sede-yoav
4520,11120,sede-yizhaq
4521,11121,sede-moshe
4522,11122,sede-nahum
4523,11123,sede-nehemya-huliyot
4524,11124,sede-nizzan
4525,11125,sede-uzziyyahu
4526,11126,sede-zevi
4527,11127,sedot-yam
4528,11128,sedot-mikha
4529,11129,sede-avraham
4530,11130,sede-hemed
4531,11131,sede-terumot
4532,11132,shedema
4533,11133,shadmot-devora
4534,11134,shadmot-mehola
4535,11135,sederot
4536,11136,shoeva
4537,11137,shuva
4538,11138,shoval
4539,11139,shoham
4540,11140,shomera
4541,11141,shomeriyya
4542,11142,shoqeda
4543,11143,shoresh
4545,11145,shoshannat-haamaqim
4546,11146,shezor
4547,11147,shahar
4548,11148,shaharut
4549,11149,shibbolim
4550,11150,sheikh-dawud
4551,11151,shilo
4552,11152,shilat
4553,11153,shekhanya
4554,11154,shalwa
4555,11155,sheluhot
4556,11156,shelomi
4557,11157,shlomit
4558,11158,shamir
4559,11159,shima
4560,11160,shamerat
4561,11161,shimshit
4562,11162,shani
4563,11163,senir
4565,11166,shaalvim
4566,11167,shaar-efrayim
4567,11168,shaar-hagolan
4568,11170,shaar-menashe
4569,11171,shaare-tiqwa
4570,11173,shafir
4571,11174,shefer
4572,11176,shaqed
4573,11177,sheqef
4574,11179,sarigim-li-on
4575,11181,sharsheret
4576,11182,shetula
4577,11183,shetulim
4578,11184,teashur
4579,11185,tidhar
4580,11186,tuval
4581,11187,tomer
4582,11188,tushiyya
4583,11189,timmorim
4584,11190,tirosh
4585,11193,tel-yizhaq
4586,11196,tel-qazir
4587,11197,tel-sheva
4588,11198,tel-teomim
4589,11199,telem
4590,11200,talme-eliyyahu
4591,11201,talme-elazar
4592,11202,talme-bilu
4593,11203,talme-yosef
4594,11204,talme-yehiel
4595,11205,talme-yafe
4596,11206,telamim
4597,11207,timrat
4598,11208,tenuvot
4599,11209,taoz
4600,11210,tifrah
4601,11211,tequma
4602,11212,teqoa
4603,11213,tarabin-as-sani
4604,11214,tarum
4605,11215,akkaba
4606,11227,al-jarushiya
4607,11228,al-masqufa
4608,11230,iktaba
4609,11231,nur-shams-camp
4610,11232,tulkarm-camp
4611,11236,kafa
4612,11237,al-haffasi
4613,11241,khirbat-jubara
4614,11250,bardala
4615,11251,ein-el-beida
4616,11252,kardala 
4617,11253,ibziq
4618,11256,al-farisiya
4619,11257,al-aqaba
4620,11258,ath-thaghra
4621,11259,al-malih
4622,11261,ras-al-fara
4623,11262,el-fara-camp
4624,11263,khirbat-ar-ras-al-ahm
4625,11264,wadi-al-fara
4626,11266,khirbat-atuf
4627,11267,khirbat-humsa-atuf
4628,11269,bani-zeid-ash-sharqiya
4629,11271,bani-zeid
4630,11297,al-itihad
4631,11301,silwad-camp
4632,11303,deir-ammar-camp
4633,11305,al-zaytouneh
4634,11309,al-jalazun-camp
4635,11324,badiw-al-muarrajat
4636,11334,al-amari-camp
4637,11335,qaddura-camp
4638,11341,beit-nuba
4639,11343,rafah-camp
4640,11344,al-nnaser-al-bayuk
4641,11345,shokat-as-sufi
4642,11357,an-nabi-elyas
4643,11359,arab-abu-farda
4644,11360,izbat-at-tabib
4645,11363,arab-ar-ramadin
4646,11364,isla
4647,11365,wadi-ar-rasha
4648,11367,ras-at-tira
4649,11368,ras-atiya
4650,11369,ad-daba
4651,11371,izbat-jalud
4652,11372,al-mudawwar
4653,11373,izbat-salman
4654,11374,izbat-al-ashqar
4655,11375,beit-amin
4656,11377,azzun-atma
4657,11378,al-qaraya-al-badawiya-al-maslakh
4659,11381,jabalia-camp
4660,11392,al-badhan
4661,11395,an-nassariya
4662,11397,al-aqrabaniya
4663,11400,beit-hasan
4664,11402,ein-beit-el-ma-camp
4665,11403,ein-shibli
4666,11406,askar-camp
4667,11410,balata-camp
4668,11411,iraq-burin
4669,11416,furush-beit-dajan
4671,11420,asira-al-qibliya
4672,11423,odala
4674,11444,al-qarara
4675,11445,khan-yunis-camp
4676,11448,abasan-as-saghira
4677,11451,al-fukhkhari
4678,11452,marj-naja
4679,11453,az-zubeidat
4680,11454,marj-al-ghazal
4681,11455,al-jiftlik
4682,11456,fasayil
4684,11460,ein-as-sultan-camp
4685,11462,aqbat-jaber-camp
4686,11467,at-tayba
4687,11476,umm-ar-rihan
4688,11478,khirbat-abdallah-al-yunis
4689,11479,dhaher-al-malih
4690,11483,tura-al-gharbiya
4691,11484,tura-ash-sharqiya
4693,11486,nazlat-ash-sheikh
4694,11487,at-tarem
4695,11489,jenin-camp
4696,11491,aba
4697,11495,umm-dar
4698,11496,al-khuljan
4699,11497,wadi-ad-dabi
4700,11498,dhaher-al-abed
4701,11502,imreiha
4702,11504,ash-shuhada
4703,11507,al-mutilla
4704,11508,bir-al-basha
4705,11513,wadi-duoq
4706,11514,fahma-al-jadida
4707,11516,al-mansura
4708,11529,al-asaasa
4709,11535,khirbat-ad-deir
4710,11537,al-arrub-camp
4711,11539,jala
4712,11540,hitta
4713,11541,shuyukh-al-arrub
4714,11550,beit-einun
4715,11551,qlaa-zeta
4716,11554,beit-maqdum
4717,11555,al-baqa
4718,11557,al-bowereh-aqabat-injeleh
4719,11558,khallet-edar
4720,11559,deir-samit
4721,11561,khallet-al-masafer
4722,11562,beit-awwa
4723,11564,qalqas
4724,11565,sikka
4725,11566,khirbat-salama
4726,11567,wadi-ubeid
4727,11568,fuqeiqis
4728,11569,khursa
4729,11570,tarrama
4730,11571,al-fawwar-camp
4731,11572,al-majd
4732,11573,marah-al-baqqar
4733,11574,hadab-al-fawwar
4734,11575,deir-al-asal-at-tahta
4735,11576,al-heila
4736,11577,wadi-ash-shajina
4737,11578,as-sura
4738,11579,deir-razih
4739,11581,zif
4740,11582,deir-al-asal-al-fauqa
4741,11583,khallet-al-aqed
4742,11584,imreish
4743,11585,al-buweib
4744,11586,beit-ar-rush-at-tahta
4745,11587,hadab-al-alaqa
4746,11588,beit-mirsim
4747,11589,bayt-al-rush-al-fauqa
4748,11590,karma
4749,11591,beit-amra
4750,11592,om-adaraj-arab-al-kaabneh
4751,11593,om-ashoqhan
4752,11594,khallet-al-maiyya
4753,11595,kheroshewesh-wal-hadedeyah
4754,11596,om-al-amad-sahel-wadi-elma
4755,11598,ad-deirat
4756,11599,khashem-adaraj-al-hathaleen
4757,11600,kurza
4758,11601,rabud
4759,11602,umm-lasafa
4760,11603,al-burj
4761,11604,um-al-khair
4762,11605,al-karmil
4763,11606,khallet-salih
4764,11608,at-tuwani
4765,11609,main
4766,11610,an-najada
4767,11611,anab-al-kabir
4768,11612,mantiqat-shib-al-batin
4769,11614,wadi-al-amayer
4770,11615,khirbat-tawil-ash-shih
4771,11616,ar-ramadin
4772,11617,khirbat-al-fakheit
4773,11618,imneizil
4774,11619,arab-al-fureijat
4775,11620,ash-shati-camp
4776,11622,madinat-ezahra
4778,11624,juhor-ad-dik
4779,11625,an-nuseirat-camp
4781,11627,al-bureij-camp
4782,11628,al-bureij 
4783,11629,az-zawayda
4784,11630,deir-al-balah-camp
4785,11631,al-maghazi-camp
4786,11632,al-maghazi 
4787,11634,al-musaddar
4788,11635,wadi-as-salqa
4789,11636,al-walaja
4791,11639,ayda-camp
4792,11640,khallet-an-numan
4793,11641,al-aza-camp
4794,11642,al-khas
4795,11643,al-haddadiya
4796,11644,khallet-hamameh
4797,11645,bir-onah
4798,11647,dar -salah
4799,11652,ad-doha
4800,11654,ad-duheisha-camp
4801,11655,hindaza
4802,11656,ash-shawawra
4803,11659,beit-tamir
4804,11660,khallet-al-louza
4805,11662,zatara
4806,11663,jannatah
4807,11664,wadi-rahhal
4808,11665,jubbet-adh-dhib
4809,11666,khallet-sakariya
4810,11667,khallet-al-haddad
4811,11668,al-masara
4812,11669,wadi-an-nis
4813,11670,jurat-ash-shama
4814,11671,marah-maalla
4815,11672,umm-salamuna
4816,11673,al-manshiya
4817,11674,tuqu
4818,11675,marah-rabah
4819,11677,al-maniya
4820,11678,kisan
4821,11679,arab-ar-rashayida
4822,11701,qalandiya-camp
4823,11712,kharayib-umm-al-lahim
4824,11721,al-kaabina
4825,11722,az-zaayyem
4827,11725,arab-al-jahalin
4828,11726,as-sawahira-ash-sharqiy
4829,11727,ash-sheikh-sad
4830,11728,al-bagar
4831,11729,al-bat
4832,11730,al-batil
4833,11731,al-bhirah
4834,11732,al-forah
4835,11733,al-gara
4836,11734,al-gatamat
4837,11735,al-gazzah
4838,11736,al-grin
4839,11737,al-madbach
4840,11738,al-mekiman
4841,11739,al-msadiyyah
4842,11740,al-mtaher
4844,11742,as-sdir
4845,11743,as-sir
4846,11744,as-sirrah
4847,11745,az-zarnog
4848,11746,az-zarura
4849,11747,bat-as-sarayih
4850,11748,bir-al-chamam
4851,11749,bir-al-mahash
4852,11750,khasim-zannih
4853,11751,khirbat-al-batal
4855,11753,nafhah
4856,11754,rachama
4857,11755,sawa
4858,11756,sawawin
4859,11757,tal-al-malah
4860,11758,tal-arad
4861,11759,twail-abu-jarwal
4862,11760,umm-al-hiran
4863,11761,umm-namila
4864,11762,um-ratam
4865,11763,wadi-al-meshash
4866,11764,wadi-al-naam
4867,11765,wadi-aricha
4868,11766,zhayyih
4869,11767,abdeh
4870,11768,atir
4871,11769,awajan